isFraud,count,mean,median,min,max,std
0,6354407,178197.05,74684.72,0.01,92445520.0,596236.9815611299
1,8213,1467967.2,441423.44,0.0,10000000.0,2404252.947526677
