isFraud,origin_zero_after,destination_zero_before
0,56.6774051457516,42.47504133745289
1,98.05186898818945,65.15280652623889
